,title,num_reviews,rating
0,Learn Python Programming Masterclass,59749,4.55133
1,The Python Mega Course: Build 10 Real World Applications,43125,4.51391
2,Python for Beginners: Learn Python Programming (Python 3),10856,4.42652
3,The Python Bible™ | Everything You Need to Program in Python,29726,4.64631
4,Python for Absolute Beginners,17565,4.39444
5,The Complete Python Course | Learn Python by Doing,11166,4.57186
6,Python for Finance: Investment Fundamentals & Data Analytics,18139,4.55011
7,Python for Beginners with Examples,8734,4.37016
8,Python Bootcamp 2020 Build 15 working Applications and Games,7354,4.28221
9,Python OOP : Four Pillars of OOP in Python 3 for Beginners,6734,4.44315
10,The Complete Python Masterclass: Learn Python From Scratch,5642,4.39985
11,The Complete Python 3 Course: Go from Beginner to Advanced!,5012,4.02793
12,Complete Python Web Course: Build 8 Python Web Apps,4310,4.4637
13,Python Coding MADE EASY : A Python Coding Course in Python 3,2439,4.74379
14,Python for beginners - Learn all the basics of python,3812,4.27462
15,Selenium Webdriver with PYTHON from Scratch + Frameworks,4324,4.55177
16,Complete Python programming-Python Basics to Advanced Python,1386,4.03358
17,The Complete Python Programmer Bootcamp 2020,2591,4.61728
18,[BESTSELLER]™ Python Data Analysis & Visualization Bootcamp,3047,4.47467
19,Learn to Code with Python,2554,4.66717
20,Python A-Z™: Python For Data Science With Real Exercises!,17958,4.60899
21,Data Analysis with Pandas and Python,11107,4.65687
22,Learning Python for Data Analysis and Visualization,15057,4.36822
23,Python for Financial Analysis and Algorithmic Trading,13652,4.56098
24,Spark and Python for Big Data with PySpark,12553,4.48913
25,Python for Beginners with Examples,8734,4.37016
26,"Python for Data Structures, Algorithms, and Interviews!",8396,4.38728
27,Learn Python & Ethical Hacking From Scratch,11136,4.62549
28,Taming Big Data with Apache Spark and Python - Hands On!,9217,4.47604
29,30 Days of Python | Unlock your Python Potential,7037,4.50348
30,Python Bootcamp 2020 Build 15 working Applications and Games,7354,4.28221
31,Data Science: Natural Language Processing (NLP) in Python,8870,4.46325
32,Artificial Intelligence: Reinforcement Learning in Python,7851,4.54722
33,Learn to Code in Python 3: Programming beginner to advanced,7434,4.46259
34,Python OOP : Four Pillars of OOP in Python 3 for Beginners,6734,4.44315
35,Natural Language Processing with Deep Learning in Python,6073,4.52247
36,The Complete Python Masterclass: Learn Python From Scratch,5642,4.39985
37,Data Science: Deep Learning in Python,6898,4.62592
38,NLP - Natural Language Processing with Python,5975,4.57095
39,The Complete Python 3 Course: Go from Beginner to Advanced!,5012,4.02793
40,Python for Beginners,4070,4.55601
41,Python 3: Deep Dive (Part 1 - Functional),4740,4.76644
42,Django 2.2 & Python | The Ultimate Web Development Bootcamp,4872,4.49549
43,Complete Python Web Course: Build 8 Python Web Apps,4310,4.4637
44,Teach Your Kids to Code: Learn Python Programming at Any Age,5908,4.54822
45,Python Coding MADE EASY : A Python Coding Course in Python 3,2439,4.74379
46,Python 3 Network Programming - Build 5 Network Applications,4086,4.65121
47,Python Network Programming for Network Engineers (Python 3),4691,4.65147
48,Python for beginners - Learn all the basics of python,3812,4.27462
49,The Complete Python & PostgreSQL Developer Course,4433,4.63923
50,Selenium WebDriver With Python 3.x - Novice To Ninja,4787,4.49484
51,Python and Flask Bootcamp: Create Websites using Flask!,4614,4.65955
52,Deep Learning Prerequisites: Linear Regression in Python,4486,4.59796
53,Selenium Webdriver with PYTHON from Scratch + Frameworks,4324,4.55177
54,Deep Learning: Convolutional Neural Networks in Python,3154,4.57426
55,Cluster Analysis and Unsupervised Machine Learning in Python,3909,4.42249
56,Bayesian Machine Learning in Python: A/B Testing,3951,4.57301
57,Python for Computer Vision with OpenCV and Deep Learning,4803,4.54638
58,Python Django Dev To Deployment,3765,4.62596
59,Advanced AI: Deep Reinforcement Learning in Python,3520,4.59537
