,title,rating,num_reviews
0,Learn Python Programming Masterclass,4.55133,59749
1,The Python Mega Course: Build 10 Real World Applications,4.51391,43125
2,Python for Beginners: Learn Python Programming (Python 3),4.42652,10856
3,The Python Bible™ | Everything You Need to Program in Python,4.64631,29726
4,Python for Absolute Beginners,4.39444,17565
5,The Complete Python Course | Learn Python by Doing,4.57186,11166
6,Python for Finance: Investment Fundamentals & Data Analytics,4.55011,18139
7,Python for Beginners with Examples,4.37016,8734
8,Python Bootcamp 2020 Build 15 working Applications and Games,4.28221,7354
9,Python OOP : Four Pillars of OOP in Python 3 for Beginners,4.44315,6734
10,The Complete Python Masterclass: Learn Python From Scratch,4.39985,5642
11,The Complete Python 3 Course: Go from Beginner to Advanced!,4.02793,5012
12,Complete Python Web Course: Build 8 Python Web Apps,4.4637,4310
13,Python Coding MADE EASY : A Python Coding Course in Python 3,4.74379,2439
14,Python for beginners - Learn all the basics of python,4.27462,3812
15,Selenium Webdriver with PYTHON from Scratch + Frameworks,4.55177,4324
16,Complete Python programming-Python Basics to Advanced Python,4.03358,1386
17,The Complete Python Programmer Bootcamp 2020,4.61728,2591
18,[BESTSELLER]™ Python Data Analysis & Visualization Bootcamp,4.47467,3047
19,Learn to Code with Python,4.66717,2554
20,Python for Beginners - Beginner Friendly Python in 100 Steps,4.42252,2243
21,Complete Python 3 Masterclass Journey,4.48379,2444
22,Python Beyond the Basics - Object-Oriented Programming,4.1976,2625
23,Python - The Practical Guide,4.61221,3508
24,PYTHON - A to Z Full Course for Beginners,3.6949200000000006,1194
25,Learn Python: The Complete Python Programming Course,4.14078,1625
26,Learn to Code with Python 3!,4.09429,2787
27,Python Programming for Beginners in Data Science,4.35014,2565
28,Python for Programmers,4.44821,1404
29,Python Programming Beginners Tutorial : Python 3 Programming,4.23866,1802
30,Python 3 For Beginners in 2020!,4.36347,1330
31,Complete Python Programming Masterclass Beginner to Advanced,4.58801,1323
32,Complete Data Science Training with Python for Data Analysis,4.19388,1451
33,The Ultimate Python Programming Tutorial ,4.37811,1904
34,Scrapy: Powerful Web Scraping & Crawling with Python,4.43167,2257
35,Python for Beginners: Learn Python Hands-on (Python 3),4.23143,836
36,Data Processing with Python,4.51374,1456
37,Python for Beginners: Complete Python Programming,3.81989,668
38,Master Python Programming: The Complete Python Bootcamp 2020,4.56495,532
39,Learn Python from Zero,4.11719,1084
40,Python Learn by Python Projects & Python Quizzes in 2020,3.71033,238
41,The Complete Python 3 Masterclass - From Beginner To Pro,4.63355,589
42,Complete Python Bootcamp : Go Beginner to Expert in Python 3,4.04716,993
43,Python for Absolute Beginners: Learn Python in One Day,4.40669,699
44,Python Programming Bootcamp,4.72003,971
45,The Complete Python Programming Bootcamp,4.37467,503
46,Learn Python Programming From Scratch,4.70599,616
47,Python for Penetration Testers,4.14362,887
48,Python 3: Deep Dive (Part 4 - OOP),4.8545,756
49,Python 3 For Offensive PenTest: A Complete Practical Course,4.57498,1295
50,Django & Python: complete BUNDLE + Django real project 2020,4.52332,1764
51,Python For Maya: Artist Friendly Programming,4.38684,1211
52,Python for Beginners - Learn Programming from scratch,4.58705,886
53,Python - A Beginners guide towards Python Programming,4.24416,529
54,Learn Programming in Python With the Power of Animation,4.11653,563
55,Python on the Backend,4.35317,546
56,Web Scraping In Python: Master The Fundamentals,4.18241,923
57,GUI Development with Python and Tkinter,4.56186,886
58,"Complete Python Challenges, Python MCQ& Python Recap in 2020",3.79619,108
59,Complete Python Scripting for Automation,4.37873,792
