description,price,title
"Si tu computadora funciona con lentitud, si un programa no responde o no se carga, lo más probable es que se trate de un problema de memoria. Estos son posibles indicios de un rendimiento defectuoso en el día a día de tus tareas. Por ello, contar con una memoria Kingston -sinónimo de tractoria y excelencia- mejorará la productividad de tu equipo: las páginas se cargarán más rápido y la ejecución de nuevas aplicaciones resultará más ágil y simple.,Adaptada a tus necesidades,Su capacidad de 4 GB distribuída en módulos de 1 x 4 GB, hace de esta memoria un soporte ideal para trabajos con documentos complejos, navegación en la web con varias pestañas, contenidos multimedia, entre otros.,Potencia tu PC,Con este módulo de tecnología DDR3 mejorará el desempeño de tu equipo, ya que permite obtener velocidades de transferencia y de bus más altas en relación con versiones DDR anteriores.,Tu equipo como nuevo,Esta memoria de formato DIMM, es ideal para tu computadora de escritorio. ¡Instálala y comienza a disfrutar de un óptimo funcionamiento!,Trabaja con libertad,Ya sea que uses tu ordenador para actividades domésticas como navegar por internet, enviar correos o contenido multimedia, o bien para trabajar utilizando diversas funciones en simultáneo, esta memoria es para ti. Gracias a su velocidad de 1600 MHz, podrás realizar todas tus tareas de manera rápida y efectiva.","440,439,44,440,439,44,439","Memoria RAM 4GB 1x4GB Adata ADDU1600W4G11-S Premier Series,Memoria RAM 4GB 1x4GB Adata ADDU1600W4G11-S Premier Series"
"Si tu computadora funciona con lentitud, si un programa no responde o no se carga, lo más probable es que se trate de un problema de memoria. Estos son posibles indicios de un rendimiento defectuoso en el día a día de tus tareas. Por ello, contar con una memoria Kingston -sinónimo de tractoria y excelencia- mejorará la productividad de tu equipo: las páginas se cargarán más rápido y la ejecución de nuevas aplicaciones resultará más ágil y simple.,Adaptada a tus necesidades,Su capacidad de 8 GB distribuída en módulos de 1 x 8 GB, hace de esta memoria un soporte ideal para trabajos con documentos de alta complejidad, navegación en la web con múltiples pestañas, juegos, contenidos multimedia, entre otros.,Potencia tu PC,Con su tecnología DDR4 mejorará el desempeño de tu equipo, ya que opera en 3 y 4 canales, generando mayor fluidez y velocidad en la transferencia de datos. ¡Optimiza al máximo el rendimiento de tu ordenador!,Tu equipo como nuevo,Esta memoria de formato DIMM, es ideal para tu computadora de escritorio. ¡Instálala y comienza a disfrutar de un óptimo funcionamiento!,Velocidad para exigentes,Si eres fanático de los juegos en línea o usas tu ordenador para trabajar con programas o aplicaciones pesadas, esta memoria es para ti. Gracias a su velocidad de 2666 MHz, podrás disfrutar de un alto rendimiento y hacer tus trabajos de manera rápida y efectiva.","849,849,85,849,855,85,849","Memoria RAM 8GB 1x8GB Adata AX4U266638G16-SBG XPG Gammix D10,Memoria RAM 8GB 1x8GB Adata AX4U266638G16-SBG XPG Gammix D10"
,"891,89,755,75,441,44,738,74,855,85,569,57,377,37,139,11,404,40,605,60,887,89,754,75,1,810,181,1,059,106,923,92,959,96,648,65,1,047,105,1,499,124,349,35,1,239,124,485,48,978,98,1,649,137,545,54,650,65,916,91,2,199,220,622,62,281,28,212,21,1,050,997,100,484,48,566,56,1,889,189,1,720,172,899,74,489,49,1,189,119,1,039,104,749,75,1,407,141,1,200,120,640,64,1,379,138,1,379,138,1,101,91,3,695,370,2,399,240,1,829,183,1,799,149,929,93,863,71,929,93,1,899,190,1,299,789,79",
"Kingston es sinónimo de trayectoria y excelencia en el mercado tecnológico, principalmente en lo que a memorias ram refiere. Si sos un aficionado a los videojuegos o un exigente profesional creativo, las memorias HyperX responden sin problemas a tus necesidades. Incluyen funciones avanzadas, como lo son los estilos de disipación térmica, memoria de overclocking automático Plug-N-Play, memoria con perfiles XMP y memoria RGB. No dejes que tu sistema se lentifique.,Adaptada a tus necesidades,Su capacidad de 16 GB distribuída en módulos de 1 x 16 GB, hace de esta memoria un soporte ideal para trabajos con aplicaciones de diseño o edición, juegos exigentes, contenidos multimedia, entre otros.,Potencia tu PC,Con su tecnología DDR4 mejorará el desempeño de tu equipo, ya que aumentará la fluidez y la velocidad en la transferencia de datos. ¡Optimiza al máximo el rendimiento de tu ordenador y reduce el consumo energético!,Tu equipo como nuevo,Esta memoria de formato DIMM, es ideal para tu computadora de escritorio. ¡Instálala y comienza a disfrutar de un óptimo funcionamiento!,Velocidad para exigentes,Si eres fanático de los juegos en línea o usas tu ordenador para trabajar con programas o aplicaciones pesadas, esta memoria es para ti. Gracias a su velocidad de 2666 MHz, podrás disfrutar de un alto rendimiento y hacer tus trabajos de manera rápida y efectiva.","1,722,1,722,143,1,722,1,722","Memoria RAM 16GB 1x16GB Kingston HX426C16FB3/16 HyperX Fury,Memoria RAM 16GB 1x16GB Kingston HX426C16FB3/16 HyperX Fury"
"Si tu computadora funciona con lentitud, si un programa no responde o no se carga, lo más probable es que se trate de un problema de memoria. Estos son posibles indicios de un rendimiento defectuoso en el día a día de tus tareas. Por ello, contar con una memoria Kingston -sinónimo de tractoria y excelencia- mejorará la productividad de tu equipo: las páginas se cargarán más rápido y la ejecución de nuevas aplicaciones resultará más ágil y simple.,Adaptada a tus necesidades,Su capacidad de 8 GB distribuída en módulos de 1 x 8 GB, hace de esta memoria un soporte ideal para trabajos con documentos de alta complejidad, navegación en la web con múltiples pestañas, juegos, contenidos multimedia, entre otros.,Potencia tu PC,Con su tecnología DDR4 mejorará el desempeño de tu equipo, ya que opera en 3 y 4 canales, generando mayor fluidez y velocidad en la transferencia de datos. ¡Optimiza al máximo el rendimiento de tu ordenador!,Tu equipo como nuevo,Esta memoria de formato DIMM, es ideal para tu computadora de escritorio. ¡Instálala y comienza a disfrutar de un óptimo funcionamiento!,Velocidad para exigentes,Si eres fanático de los juegos en línea o usas tu ordenador para trabajar con programas o aplicaciones pesadas, esta memoria es para ti. Gracias a su velocidad de 2400 MHz, podrás disfrutar de un alto rendimiento y hacer tus trabajos de manera rápida y efectiva.","715,715,71,715,949,79,720,72,929,93,715","Memoria RAM 8GB 1x8GB Adata AD4U240038G17-S Premier Series,Memoria RAM 8GB 1x8GB Adata AD4U240038G17-S Premier Series"
"Kingston es sinónimo de trayectoria y excelencia en el mercado tecnológico, principalmente en lo que a memorias ram refiere. Si sos un aficionado a los videojuegos o un exigente profesional creativo, las memorias HyperX responden sin problemas a tus necesidades. Incluyen funciones avanzadas, como lo son los estilos de disipación térmica, memoria de overclocking automático Plug-N-Play, memoria con perfiles XMP y memoria RGB. No dejes que tu sistema se lentifique.,Adaptada a tus necesidades,Su capacidad de 8 GB distribuída en módulos de 1 x 8 GB, hace de esta memoria un soporte ideal para trabajos con documentos de alta complejidad, navegación en la web con múltiples pestañas, juegos, contenidos multimedia, entre otros.,Potencia tu PC,Con su tecnología DDR4 mejorará el desempeño de tu equipo, ya que aumentará la fluidez y la velocidad en la transferencia de datos. ¡Optimiza al máximo el rendimiento de tu ordenador y reduce el consumo energético!,Tu equipo como nuevo,Esta memoria de formato DIMM, es ideal para tu computadora de escritorio. ¡Instálala y comienza a disfrutar de un óptimo funcionamiento!,Velocidad para exigentes,Si eres fanático de los juegos en línea o usas tu ordenador para trabajar con programas o aplicaciones pesadas, esta memoria es para ti. Gracias a su velocidad de 2666 MHz, podrás disfrutar de un alto rendimiento y hacer tus trabajos de manera rápida y efectiva.","828,826,83,828,826,82,834,83,826","Memoria RAM 8GB 1x8GB Kingston HX426C16FB3/8 HyperX Fury,Memoria RAM 8GB 1x8GB Kingston HX426C16FB3/8 HyperX Fury"
"Kingston es sinónimo de trayectoria y excelencia en el mercado tecnológico, principalmente en lo que a memorias ram refiere. Si sos un aficionado a los videojuegos o un exigente profesional creativo, las memorias HyperX responden sin problemas a tus necesidades. Incluyen funciones avanzadas, como lo son los estilos de disipación térmica, memoria de overclocking automático Plug-N-Play, memoria con perfiles XMP y memoria RGB. No dejes que tu sistema se lentifique.,Adaptada a tus necesidades,Su capacidad de 16 GB distribuída en módulos de 2 x 8 GB, hace de esta memoria un soporte ideal para trabajos con documentos complejos, navegación en la web con varias pestañas, contenidos multimedia, entre otros. A su vez, la distribución de la capacidad total en dos módulos iguales te permitirá maximizar tus posibilidades de uso.,Potencia tu PC,Con su tecnología DDR4 mejorará el desempeño de tu equipo, ya que opera en 3 y 4 canales, generando mayor fluidez y velocidad en la transferencia de datos. ¡Optimiza al máximo el rendimiento de tu ordenador!,Tu equipo como nuevo,Esta memoria de formato DIMM, es ideal para tu computadora de escritorio. ¡Instálala y comienza a disfrutar de un óptimo funcionamiento!,Velocidad para exigentes,Si eres fanático de los juegos en línea o usas tu ordenador para trabajar con programas o aplicaciones pesadas, esta memoria es para ti. Gracias a su velocidad de 2400 MHz, podrás disfrutar de un alto rendimiento y hacer tus trabajos de manera rápida y efectiva.","1,600,1,600,160,1,600,1,866,155,1,600","Memoria RAM 16GB 2x8GB Kingston HX424C15FB3/16 HyperX Fury,Memoria RAM 16GB 2x8GB Kingston HX424C15FB3/16 HyperX Fury"
"Kingston es sinónimo de trayectoria y excelencia en el mercado tecnológico, principalmente en lo que a memorias ram refiere. Mejorar la capacidad y rendimiento de tu computadora va a ser fácil con la incorporación de una memoria de la línea ValueRam, que cubrirá todas tus necesidades. Dispara la productividad y ejecuta tus programas y aplicaciones con mayor velocidad.,Adaptada a tus necesidades,Su capacidad de 8 GB distribuída en módulos de 1 x 8 GB, hace de esta memoria un soporte ideal para trabajos con documentos de alta complejidad, navegación en la web con múltiples pestañas, juegos, contenidos multimedia, entre otros.,Potencia tu PC,Con este módulo de tecnología DDR3 mejorará el desempeño de tu equipo, ya que alcanza velocidades de transferencia y de bus más altas. Además, funciona a niveles de bajo voltaje, lo que optimiza el rendimiento y disminuye el consumo eléctrico.,Trabaja con libertad,Ya sea que uses tu ordenador para actividades domésticas como navegar por internet, enviar correos o contenido multimedia, o bien para trabajar utilizando diversas funciones en simultáneo, esta memoria es para ti. Gracias a su velocidad de 1600 MHz, podrás realizar todas tus tareas de manera rápida y efectiva.","978,978,98,978,978","Memoria RAM 8GB 1x8GB Kingston KVR16S11/8 ValueRAM,Memoria RAM 8GB 1x8GB Kingston KVR16S11/8 ValueRAM"
"Si tu computadora funciona con lentitud, si un programa no responde o no se carga, lo más probable es que se trate de un problema de memoria. Estos son posibles indicios de un rendimiento defectuoso en el día a día de tus tareas. Por ello, contar con una memoria Kingston -sinónimo de tractoria y excelencia- mejorará la productividad de tu equipo: las páginas se cargarán más rápido y la ejecución de nuevas aplicaciones resultará más ágil y simple.,Adaptada a tus necesidades,Su capacidad de 16 GB distribuída en módulos de 2 x 8 GB, hace de esta memoria un soporte ideal para trabajos con documentos complejos, navegación en la web con varias pestañas, contenidos multimedia, entre otros. A su vez, la distribución de la capacidad total en dos módulos iguales te permitirá maximizar tus posibilidades de uso.,Potencia tu PC,Con su tecnología DDR4 mejorará el desempeño de tu equipo, ya que opera en 3 y 4 canales, generando mayor fluidez y velocidad en la transferencia de datos. ¡Optimiza al máximo el rendimiento de tu ordenador!,Tu equipo como nuevo,Esta memoria de formato DIMM, es ideal para tu computadora de escritorio. ¡Instálala y comienza a disfrutar de un óptimo funcionamiento!,Velocidad para exigentes,Si eres fanático de los juegos en línea o usas tu ordenador para trabajar con programas o aplicaciones pesadas, esta memoria es para ti. Gracias a su velocidad de 3000 MHz, podrás disfrutar de un alto rendimiento y hacer tus trabajos de manera rápida y efectiva.","1,899,190,1,899","Memoria RAM 16GB 2x8GB Corsair CMK16GX4M2D3000C16 Vengeance LPX,Memoria RAM 16GB 2x8GB Corsair CMK16GX4M2D3000C16 Vengeance LPX"
"Kingston es sinónimo de trayectoria y excelencia en el mercado tecnológico, principalmente en lo que a memorias ram refiere. Mejorar la capacidad y rendimiento de tu computadora va a ser fácil con la incorporación de una memoria de la línea ValueRam, que cubrirá todas tus necesidades. Dispara la productividad y ejecuta tus programas y aplicaciones con mayor velocidad.,Adaptada a tus necesidades,Su capacidad de 4 GB distribuída en módulos de 1 x 4 GB, hace de esta memoria un soporte ideal para trabajos con documentos complejos, navegación en la web con varias pestañas, contenidos multimedia, entre otros.,Potencia tu PC,Con este módulo de tecnología DDR3 mejorará el desempeño de tu equipo, ya que alcanza velocidades de transferencia y de bus más altas. Además, funciona a niveles de bajo voltaje, lo que optimiza el rendimiento y disminuye el consumo eléctrico.,Trabaja con libertad,Ya sea que uses tu ordenador para actividades domésticas como navegar por internet, enviar correos o contenido multimedia, o bien para trabajar utilizando diversas funciones en simultáneo, esta memoria es para ti. Gracias a su velocidad de 1600 MHz, podrás realizar todas tus tareas de manera rápida y efectiva.","863,71,863","Memoria RAM 4GB 1x4GB Kingston KVR16S11S8/4 ValueRAM,Memoria RAM 4GB 1x4GB Kingston KVR16S11S8/4 ValueRAM"
,,
,,
,"1,300,130",Memoria RAM 8GB 1x8GB Crucial CT8G4SFS8266
